{"cameraMode":{"drawMode":1,"name":"Wireframe","section":"Shading Mode"},"sceneLighting":false,"audioPlay":false,"sceneViewState":{"m_AlwaysRefresh":false,"showFog":true,"showSkybox":false,"showFlares":true,"showImageEffects":true,"showParticleSystems":true,"showVisualEffectGraphs":true,"m_FxEnabled":true},"in2DMode":false,"pivot":{"x":0.0005664825439453125,"y":0.8154855370521545,"z":-0.11107958853244782},"rotation":{"x":0.11513243615627289,"y":-0.3103748559951782,"z":0.03788222745060921,"w":0.9428845643997192},"size":1.0987454652786255,"orthographic":true}