{"cameraMode":{"drawMode":1,"name":"Wireframe","section":"Shading Mode"},"sceneLighting":true,"audioPlay":false,"sceneViewState":{"m_AlwaysRefresh":false,"showFog":true,"showSkybox":true,"showFlares":true,"showImageEffects":true,"showParticleSystems":true,"showVisualEffectGraphs":true,"m_FxEnabled":true},"in2DMode":false,"pivot":{"x":11.923788070678711,"y":1.8186665773391724,"z":0.45702219009399416},"rotation":{"x":0.09967387467622757,"y":-0.6827490925788879,"z":0.09481220692396164,"w":0.7176165580749512},"size":3.07594895362854,"orthographic":true}