{"cameraMode":{"drawMode":0,"name":"Shaded","section":"Shading Mode"},"sceneLighting":true,"audioPlay":false,"sceneViewState":{"m_AlwaysRefresh":false,"showFog":true,"showSkybox":true,"showFlares":true,"showImageEffects":true,"showParticleSystems":true,"showVisualEffectGraphs":true,"m_FxEnabled":true},"in2DMode":false,"pivot":{"x":3.202801465988159,"y":-2.388523817062378,"z":-0.41823524236679079},"rotation":{"x":-0.16078206896781922,"y":0.8273532390594482,"z":-0.29592955112457278,"w":-0.44952350854873659},"size":2.4790940284729006,"orthographic":false}