{"cameraMode":{"drawMode":0,"name":"Shaded","section":"Shading Mode"},"sceneLighting":true,"audioPlay":false,"sceneViewState":{"m_AlwaysRefresh":false,"showFog":true,"showSkybox":true,"showFlares":true,"showImageEffects":true,"showParticleSystems":true,"showVisualEffectGraphs":true,"m_FxEnabled":true},"in2DMode":false,"pivot":{"x":-17.150386810302736,"y":-2.9462013244628908,"z":-3.4991390705108644},"rotation":{"x":0.08228006958961487,"y":-0.7903276681900024,"z":0.10839739441871643,"w":0.5975052714347839},"size":10.094680786132813,"orthographic":false}