{"cameraMode":{"drawMode":0,"name":"Shaded","section":"Shading Mode"},"sceneLighting":true,"audioPlay":false,"sceneViewState":{"m_AlwaysRefresh":false,"showFog":true,"showSkybox":true,"showFlares":true,"showImageEffects":true,"showParticleSystems":true,"showVisualEffectGraphs":true,"m_FxEnabled":true},"in2DMode":false,"pivot":{"x":-12.765265464782715,"y":2.445655345916748,"z":3.364443302154541},"rotation":{"x":-0.023273076862096788,"y":0.6837260127067566,"z":-0.021679863333702089,"w":-0.7291148900985718},"size":7.9679365158081059,"orthographic":false}