{"cameraMode":{"drawMode":0,"name":"Shaded","section":"Shading Mode"},"sceneLighting":true,"audioPlay":false,"sceneViewState":{"m_AlwaysRefresh":false,"showFog":true,"showSkybox":true,"showFlares":true,"showImageEffects":true,"showParticleSystems":true,"showVisualEffectGraphs":true,"m_FxEnabled":true},"in2DMode":false,"pivot":{"x":-9.904473304748536,"y":0.2144351601600647,"z":1.2949906587600709},"rotation":{"x":-0.017696645110845567,"y":0.7261864542961121,"z":-0.01836196705698967,"w":-0.6871435642242432},"size":9.011248588562012,"orthographic":false}