{"cameraMode":{"drawMode":0,"name":"Shaded","section":"Shading Mode"},"sceneLighting":true,"audioPlay":false,"sceneViewState":{"m_AlwaysRefresh":false,"showFog":true,"showSkybox":true,"showFlares":true,"showImageEffects":true,"showParticleSystems":true,"showVisualEffectGraphs":true,"m_FxEnabled":true},"in2DMode":false,"pivot":{"x":-3.3895516395568849,"y":0.2791142761707306,"z":0.08397085964679718},"rotation":{"x":0.056463222950696948,"y":0.45019999146461489,"z":-0.028544675558805467,"w":0.8906985521316528},"size":0.16793489456176759,"orthographic":false}